modelo,horizonte,n_treino,n_teste,r2_oos_pct
Benchmark: so vol_12m (ja testado),3,7220,14309,-0.588959220711294
Benchmark HAR (3 janelas de vol),3,7220,14309,-3.46045365938301
HAR + CROWDING (fragilidade),3,7220,14309,-3.0784233239147
Benchmark: so vol_12m (ja testado),6,7164,14225,0.0787289421823045
Benchmark HAR (3 janelas de vol),6,7164,14225,-1.58409441317771
HAR + CROWDING (fragilidade),6,7164,14225,-1.37816891004452
Benchmark: so vol_12m (ja testado),12,7044,13770,0.206783483130601
Benchmark HAR (3 janelas de vol),12,7044,13770,-0.119419044592806
HAR + CROWDING (fragilidade),12,7044,13770,-0.101246682223
